{
  "park": {
    "precision": 0.9104477611940298,
    "recall": 1.0,
    "f1-score": 0.953125,
    "support": 61,
    "confused_with": {}
  },
  "goodbye": {
    "precision": 0.7,
    "recall": 0.7,
    "f1-score": 0.7,
    "support": 10,
    "confused_with": {
      "what_number": 2,
      "student": 1
    }
  },
  "locations_place": {
    "precision": 1.0,
    "recall": 0.8,
    "f1-score": 0.888888888888889,
    "support": 15,
    "confused_with": {
      "park": 3
    }
  },
  "supermarket": {
    "precision": 0.90625,
    "recall": 0.9666666666666667,
    "f1-score": 0.9354838709677419,
    "support": 60,
    "confused_with": {
      "supermarket_goods": 2
    }
  },
  "greet": {
    "precision": 0.95,
    "recall": 0.95,
    "f1-score": 0.9500000000000001,
    "support": 20,
    "confused_with": {
      "goodbye": 1
    }
  },
  "library": {
    "precision": 0.9333333333333333,
    "recall": 0.9491525423728814,
    "f1-score": 0.9411764705882353,
    "support": 59,
    "confused_with": {
      "supermarket": 1,
      "school": 1
    }
  },
  "thanks": {
    "precision": 1.0,
    "recall": 1.0,
    "f1-score": 1.0,
    "support": 16,
    "confused_with": {}
  },
  "what_number": {
    "precision": 0.8627450980392157,
    "recall": 0.9565217391304348,
    "f1-score": 0.9072164948453608,
    "support": 46,
    "confused_with": {
      "color": 2
    }
  },
  "color": {
    "precision": 0.7333333333333333,
    "recall": 0.6111111111111112,
    "f1-score": 0.6666666666666666,
    "support": 18,
    "confused_with": {
      "what_number": 2,
      "affirm": 2
    }
  },
  "bot_challenge": {
    "precision": 1.0,
    "recall": 1.0,
    "f1-score": 1.0,
    "support": 9,
    "confused_with": {}
  },
  "school_need": {
    "precision": 0.9523809523809523,
    "recall": 0.8695652173913043,
    "f1-score": 0.909090909090909,
    "support": 23,
    "confused_with": {
      "what_number": 2,
      "supermarket": 1
    }
  },
  "supermarket_goods": {
    "precision": 0.9024390243902439,
    "recall": 0.9024390243902439,
    "f1-score": 0.9024390243902439,
    "support": 41,
    "confused_with": {
      "supermarket": 4
    }
  },
  "errorword": {
    "precision": 1.0,
    "recall": 0.7222222222222222,
    "f1-score": 0.8387096774193548,
    "support": 18,
    "confused_with": {
      "what_number": 1,
      "school_need": 1
    }
  },
  "swimming_pool": {
    "precision": 1.0,
    "recall": 0.9841269841269841,
    "f1-score": 0.9919999999999999,
    "support": 63,
    "confused_with": {
      "park": 1
    }
  },
  "english_class": {
    "precision": 0.95,
    "recall": 1.0,
    "f1-score": 0.9743589743589743,
    "support": 19,
    "confused_with": {}
  },
  "student": {
    "precision": 0.96,
    "recall": 0.9230769230769231,
    "f1-score": 0.9411764705882353,
    "support": 26,
    "confused_with": {
      "deny": 1,
      "goodbye": 1
    }
  },
  "math_class": {
    "precision": 0.9545454545454546,
    "recall": 0.9130434782608695,
    "f1-score": 0.9333333333333332,
    "support": 23,
    "confused_with": {
      "supermarket_goods": 1,
      "color": 1
    }
  },
  "affirm": {
    "precision": 0.8125,
    "recall": 0.8666666666666667,
    "f1-score": 0.8387096774193549,
    "support": 15,
    "confused_with": {
      "goodbye": 1,
      "greet": 1
    }
  },
  "deny": {
    "precision": 0.8571428571428571,
    "recall": 1.0,
    "f1-score": 0.923076923076923,
    "support": 12,
    "confused_with": {}
  },
  "school": {
    "precision": 0.9824561403508771,
    "recall": 0.9180327868852459,
    "f1-score": 0.9491525423728813,
    "support": 61,
    "confused_with": {
      "library": 3,
      "supermarket_goods": 1
    }
  },
  "accuracy": 0.926829268292683,
  "macro avg": {
    "precision": 0.918378697735515,
    "recall": 0.9016312681150775,
    "f1-score": 0.9072302462003552,
    "support": 615
  },
  "weighted avg": {
    "precision": 0.9286790257166366,
    "recall": 0.926829268292683,
    "f1-score": 0.9258084145680813,
    "support": 615
  }
}