{
  "location": {
    "precision": 0.8571428571428571,
    "recall": 0.4,
    "f1-score": 0.5454545454545455,
    "support": 15,
    "confused_with": {}
  },
  "goods": {
    "precision": 0.7777777777777778,
    "recall": 0.5833333333333334,
    "f1-score": 0.6666666666666666,
    "support": 24,
    "confused_with": {}
  },
  "number": {
    "precision": 0.8913043478260869,
    "recall": 0.9111111111111111,
    "f1-score": 0.9010989010989011,
    "support": 45,
    "confused_with": {}
  },
  "micro avg": {
    "precision": 0.8591549295774648,
    "recall": 0.7261904761904762,
    "f1-score": 0.7870967741935485,
    "support": 84
  },
  "macro avg": {
    "precision": 0.8420749942489073,
    "recall": 0.6314814814814814,
    "f1-score": 0.7044067044067045,
    "support": 84
  },
  "weighted avg": {
    "precision": 0.8527679187617077,
    "recall": 0.7261904761904762,
    "f1-score": 0.7706103420389134,
    "support": 84
  }
}