{
  "library": {
    "precision": 0.3076923076923077,
    "recall": 0.4444444444444444,
    "f1-score": 0.3636363636363637,
    "support": 9,
    "confused_with": {
      "class": 2,
      "supermarket_goods": 1
    }
  },
  "play": {
    "precision": 0.75,
    "recall": 0.5,
    "f1-score": 0.6,
    "support": 6,
    "confused_with": {
      "swimming_pool": 1,
      "school_need": 1
    }
  },
  "deny": {
    "precision": 0.7333333333333333,
    "recall": 0.9166666666666666,
    "f1-score": 0.8148148148148148,
    "support": 12,
    "confused_with": {
      "affirm": 1
    }
  },
  "what_number": {
    "precision": 0.9318181818181818,
    "recall": 0.8723404255319149,
    "f1-score": 0.9010989010989012,
    "support": 47,
    "confused_with": {
      "supermarket_goods": 2,
      "bot_challenge": 1
    }
  },
  "school": {
    "precision": 1.0,
    "recall": 0.6363636363636364,
    "f1-score": 0.7777777777777778,
    "support": 11,
    "confused_with": {
      "library": 1,
      "supermarket": 1
    }
  },
  "school_need": {
    "precision": 0.7307692307692307,
    "recall": 0.8260869565217391,
    "f1-score": 0.7755102040816326,
    "support": 23,
    "confused_with": {
      "affirm": 2,
      "park": 1
    }
  },
  "affirm": {
    "precision": 0.30303030303030304,
    "recall": 0.5882352941176471,
    "f1-score": 0.39999999999999997,
    "support": 17,
    "confused_with": {
      "bot_challenge": 3,
      "school_need": 1
    }
  },
  "errorword": {
    "precision": 0.7,
    "recall": 0.3888888888888889,
    "f1-score": 0.5,
    "support": 18,
    "confused_with": {
      "affirm": 6,
      "supermarket_goods": 1
    }
  },
  "bread": {
    "precision": 1.0,
    "recall": 0.25,
    "f1-score": 0.4,
    "support": 4,
    "confused_with": {
      "color": 2,
      "supermarket_goods": 1
    }
  },
  "thanks": {
    "precision": 0.8823529411764706,
    "recall": 0.9375,
    "f1-score": 0.9090909090909091,
    "support": 16,
    "confused_with": {
      "affirm": 1
    }
  },
  "instruction": {
    "precision": 0.5,
    "recall": 0.5,
    "f1-score": 0.5,
    "support": 4,
    "confused_with": {
      "bot_challenge": 1,
      "school_need": 1
    }
  },
  "supermarket_goods": {
    "precision": 0.6875,
    "recall": 0.6666666666666666,
    "f1-score": 0.676923076923077,
    "support": 33,
    "confused_with": {
      "swimming_pool": 3,
      "affirm": 2
    }
  },
  "student": {
    "precision": 0.9,
    "recall": 0.6923076923076923,
    "f1-score": 0.7826086956521738,
    "support": 26,
    "confused_with": {
      "park": 2,
      "school_need": 2
    }
  },
  "math_class": {
    "precision": 0.9473684210526315,
    "recall": 0.782608695652174,
    "f1-score": 0.8571428571428571,
    "support": 23,
    "confused_with": {
      "deny": 2,
      "affirm": 1
    }
  },
  "swimming_pool": {
    "precision": 0.6111111111111112,
    "recall": 0.9166666666666666,
    "f1-score": 0.7333333333333334,
    "support": 12,
    "confused_with": {
      "locations_place": 1
    }
  },
  "class": {
    "precision": 0.4,
    "recall": 0.8,
    "f1-score": 0.5333333333333333,
    "support": 5,
    "confused_with": {
      "greet": 1
    }
  },
  "goodbye": {
    "precision": 0.45454545454545453,
    "recall": 0.5,
    "f1-score": 0.47619047619047616,
    "support": 10,
    "confused_with": {
      "affirm": 1,
      "class": 1
    }
  },
  "fruits": {
    "precision": 0.8,
    "recall": 1.0,
    "f1-score": 0.888888888888889,
    "support": 4,
    "confused_with": {}
  },
  "color": {
    "precision": 0.6428571428571429,
    "recall": 0.5,
    "f1-score": 0.5625000000000001,
    "support": 18,
    "confused_with": {
      "affirm": 5,
      "school_need": 2
    }
  },
  "school_play": {
    "precision": 0.8,
    "recall": 1.0,
    "f1-score": 0.888888888888889,
    "support": 4,
    "confused_with": {}
  },
  "greet": {
    "precision": 0.7692307692307693,
    "recall": 0.5,
    "f1-score": 0.6060606060606061,
    "support": 20,
    "confused_with": {
      "affirm": 3,
      "goodbye": 3
    }
  },
  "drinks": {
    "precision": 0.2857142857142857,
    "recall": 0.5,
    "f1-score": 0.36363636363636365,
    "support": 4,
    "confused_with": {
      "supermarket_goods": 1,
      "locations_place": 1
    }
  },
  "park": {
    "precision": 0.5833333333333334,
    "recall": 0.7,
    "f1-score": 0.6363636363636365,
    "support": 10,
    "confused_with": {
      "swimming_pool": 2,
      "supermarket_goods": 1
    }
  },
  "supermarket": {
    "precision": 0.75,
    "recall": 0.5454545454545454,
    "f1-score": 0.631578947368421,
    "support": 11,
    "confused_with": {
      "drinks": 4,
      "library": 1
    }
  },
  "locations_place": {
    "precision": 0.6666666666666666,
    "recall": 0.4,
    "f1-score": 0.5,
    "support": 15,
    "confused_with": {
      "library": 6,
      "class": 3
    }
  },
  "english_class": {
    "precision": 0.8947368421052632,
    "recall": 0.8947368421052632,
    "f1-score": 0.8947368421052632,
    "support": 19,
    "confused_with": {
      "supermarket_goods": 1,
      "color": 1
    }
  },
  "bot_challenge": {
    "precision": 0.6428571428571429,
    "recall": 1.0,
    "f1-score": 0.782608695652174,
    "support": 9,
    "confused_with": {}
  },
  "accuracy": 0.6974358974358974,
  "macro avg": {
    "precision": 0.691663609899764,
    "recall": 0.6762580526439979,
    "f1-score": 0.6576564300755516,
    "support": 390
  },
  "weighted avg": {
    "precision": 0.7401673079837524,
    "recall": 0.6974358974358974,
    "f1-score": 0.7016292171737013,
    "support": 390
  }
}